Model,R^2Score,RMSE
Baseline_LinearRegression,0.9972289388199702,0.40330680049866513
Bseline_RandomForestRegression,0.9972289388199702,0.40330680049866513
