Expt No,Outlier Treatment,Skewness Treatment,Null Treatment,Feature Selected,Model Used,Weighed Precision,Weighed Recall,Weighed f1 score
1,No,No,No,8,Logistic Regression Baseline,0.7579365079365079,0.7619047619047619,0.7528344671201815
2,No,No,No,8,Random Forest Classifier Baseline,0.7571896614488534,0.7619047619047619,0.7550094759481272
3,Yes,Yes,Yes,8,Logistic Regression,0.7856958997032281,0.7878787878787878,0.7863989837849533
4,Yes,Yes,Yes,8,Random Forest Classifier,0.8071535022354694,0.8051948051948052,0.796811803447287
5,Yes,Yes,Yes,5,Logistic Regression,0.7809771927418986,0.7835497835497836,0.781705948372615
6,Yes,Yes,Yes,5,Random Forest Classifier,0.7845150448143406,0.7878787878787878,0.7834745479381393
7,Yes,Yes,Yes,3,Logistic Regression,0.7292568542568543,0.7359307359307359,0.725870954442383
8,Yes,Yes,Yes,3,Random Forest Classifier,0.7851126849124664,0.7878787878787878,0.7817357149356042
